raw_table_name,raw_column_name,target_column_name,target_data_type,target_order_num
CUSTOMERS,ID,customer_id,NUMBER,1
CUSTOMERS,FIRST_NAME,first_name,VARCHAR,2
CUSTOMERS,LAST_NAME,last_name,VARCHAR,3

ORDERS,ID,order_id,NUMBER,1
ORDERS,USER_ID,customer_id,NUMBER,2
ORDERS,ORDER_DATE,order_date,DATE,3
ORDERS,STATUS,order_status,VARCHAR,4
ORDERS,_ETL_LOADED_AT,etl_loaded_at,TIMESTAMP_NTZ,5

PAYMENT,ID,payment_id,NUMBER,1
PAYMENT,ORDERID,order_id,NUMBER,2
PAYMENT,PAYMENTMETHOD,payment_method,VARCHAR,3
PAYMENT,STATUS,payment_status,VARCHAR,4
PAYMENT,AMOUNT,amount,NUMBER,5
PAYMENT,CREATED,created_date,DATE,6
PAYMENT,_BATCHED_AT,batched_at,TIMESTAMP_NTZ,7